TestName,NrEvents,NrGoroutines,NrAtomicEvents,NrChannelEvents,NrSelectEvents,NrMutexEvents,NrWaitgroupEvents,NrCondVariablesEvents,NrOnceOperations
TestCockroach10214,23,3,0,0,0,18,0,0,0
TestCockroach10214,8,13,0,0,0,4,0,0,0
TestCockroach10214,11,9,0,0,0,7,0,0,0
TestCockroach10214,6,13,0,0,0,2,0,0,0
TestCockroach10214,9,13,0,0,0,5,0,0,0
TestCockroach10214,10,13,0,0,0,6,0,0,0
TestCockroach10214,14,13,0,0,0,9,0,0,0
TestCockroach10214,9,13,0,0,0,5,0,0,0
TestCockroach10214,8,13,0,0,0,4,0,0,0
TestCockroach10214,8,13,0,0,0,4,0,0,0
TestCockroach10214,23,13,0,0,0,18,0,0,0
TestCockroach10214,8,13,0,0,0,4,0,0,0
TestCockroach10214,16,13,0,0,0,11,0,0,0
TestCockroach10214,14,13,0,0,0,10,0,0,0
TestCockroach10214,8,13,0,0,0,4,0,0,0
TestCockroach10214,13,13,0,0,0,9,0,0,0
TestCockroach10214,8,9,0,0,0,4,0,0,0
TestCockroach10214,22,13,0,0,0,17,0,0,0
TestCockroach10214,11,13,0,0,0,7,0,0,0
TestCockroach10214,9,13,0,0,0,5,0,0,0
TestCockroach10214,11,13,0,0,0,7,0,0,0
TestCockroach10214,6,13,0,0,0,2,0,0,0
TestCockroach10214,17,13,0,0,0,12,0,0,0
TestCockroach10214,6,6,0,0,0,2,0,0,0
TestCockroach10214,15,13,0,0,0,10,0,0,0
TestCockroach10214,16,13,0,0,0,11,0,0,0
TestCockroach10214,8,13,0,0,0,4,0,0,0
TestCockroach10214,10,13,0,0,0,6,0,0,0
TestCockroach10214,9,13,0,0,0,5,0,0,0
TestCockroach1055,39,5,4,4,0,13,10,0,0
TestCockroach1055,31,15,3,4,0,7,7,0,0
TestCockroach1055,34,15,3,4,0,9,8,0,0
TestCockroach1055,50,15,6,6,0,12,14,0,0
TestCockroach1055,34,15,3,4,0,9,8,0,0
TestCockroach1055,38,15,4,3,0,12,9,0,0
TestCockroach10790,20,6,0,3,3,2,0,0,0
TestCockroach13197,3,2,0,1,0,0,0,0,0
TestCockroach13755,3,2,0,1,0,0,0,0,0
TestCockroach1462,21,3,0,2,2,4,5,0,0
TestCockroach16167,7,2,0,0,0,4,0,0,0
TestCockroach16167,5,12,0,0,0,2,0,0,0
TestCockroach16167,0,1,0,0,0,0,0,0,0
TestCockroach16167,5,12,0,0,0,2,0,0,0
TestCockroach16167,5,12,0,0,0,2,0,0,0
TestCockroach16167,3,2,0,0,0,2,0,0,0
TestCockroach16167,0,1,0,0,0,0,0,0,0
TestCockroach18101,17,4,0,10,0,0,0,0,0
TestCockroach18101,18,14,0,10,0,0,0,0,0
TestCockroach18101,18,14,0,10,0,0,0,0,0
TestCockroach18101,15,14,0,8,0,0,0,0,0
TestCockroach18101,18,14,0,10,0,0,0,0,0
TestCockroach18101,18,14,0,10,0,0,0,0,0
TestCockroach18101,18,14,0,10,0,0,0,0,0
TestCockroach18101,18,14,0,10,0,0,0,0,0
TestCockroach18101,18,14,0,10,0,0,0,0,0
TestCockroach18101,18,14,0,10,0,0,0,0,0
TestCockroach18101,18,14,0,10,0,0,0,0,0
TestCockroach18101,18,14,0,10,0,0,0,0,0
TestCockroach18101,18,14,0,10,0,0,0,0,0
TestCockroach18101,18,14,0,10,0,0,0,0,0
TestCockroach18101,18,14,0,10,0,0,0,0,0
TestCockroach18101,18,14,0,10,0,0,0,0,0
TestCockroach18101,18,14,0,10,0,0,0,0,0
TestCockroach18101,18,14,0,10,0,0,0,0,0
TestCockroach18101,18,14,0,10,0,0,0,0,0
TestCockroach18101,18,14,0,10,0,0,0,0,0
TestCockroach18101,18,14,0,10,0,0,0,0,0
TestCockroach18101,18,14,0,10,0,0,0,0,0
TestCockroach18101,18,14,0,10,0,0,0,0,0
TestCockroach18101,18,14,0,10,0,0,0,0,0
TestCockroach18101,18,14,0,10,0,0,0,0,0
TestCockroach18101,18,14,0,10,0,0,0,0,0
TestCockroach18101,18,14,0,10,0,0,0,0,0
TestCockroach18101,18,14,0,10,0,0,0,0,0
TestCockroach18101,18,14,0,10,0,0,0,0,0
TestCockroach2448,52,3,0,0,46,0,0,0,0
TestCockroach24808,4,1,0,2,0,0,0,0,0
TestCockroach25456,2,1,0,1,0,0,0,0,0
TestCockroach35073,44,3,18,18,0,0,4,0,0
TestCockroach35073,36,11,16,16,0,0,1,0,0
TestCockroach35073,46,13,18,18,0,0,4,0,0
TestCockroach35073,10,11,4,3,0,0,0,0,0
TestCockroach35073,38,12,16,16,0,0,2,0,0
TestCockroach35073,46,13,18,18,0,0,4,0,0
TestCockroach35931,6,1,0,2,0,2,0,0,0
TestCockroach3710,19,4,0,0,0,12,0,0,0
TestCockroach3710,15,14,0,0,0,9,0,0,0
TestCockroach3710,9,6,0,0,0,3,0,0,0
TestCockroach3710,20,14,0,0,0,12,0,0,0
TestCockroach3710,20,14,0,0,0,12,0,0,0
TestCockroach3710,20,14,0,0,0,12,0,0,0
TestCockroach3710,20,14,0,0,0,12,0,0,0
TestCockroach3710,17,10,0,0,0,11,0,0,0
TestCockroach3710,9,14,0,0,0,3,0,0,0
TestCockroach3710,16,14,0,0,0,10,0,0,0
TestCockroach3710,9,10,0,0,0,3,0,0,0
TestCockroach3710,10,14,0,0,0,3,0,0,0
TestCockroach3710,20,14,0,0,0,12,0,0,0
TestCockroach3710,9,14,0,0,0,3,0,0,0
TestCockroach3710,11,14,0,0,0,5,0,0,0
TestCockroach3710,9,10,0,0,0,3,0,0,0
TestCockroach3710,16,14,0,0,0,10,0,0,0
TestCockroach3710,20,14,0,0,0,12,0,0,0
TestCockroach3710,20,14,0,0,0,12,0,0,0
TestCockroach3710,20,14,0,0,0,12,0,0,0
TestCockroach3710,9,14,0,0,0,3,0,0,0
TestCockroach3710,14,14,0,0,0,7,0,0,0
TestCockroach3710,14,14,0,0,0,7,0,0,0
TestCockroach3710,20,14,0,0,0,12,0,0,0
TestCockroach3710,14,14,0,0,0,8,0,0,0
TestCockroach3710,9,14,0,0,0,3,0,0,0
TestCockroach3710,10,14,0,0,0,3,0,0,0
TestCockroach3710,10,14,0,0,0,4,0,0,0
TestCockroach3710,11,14,0,0,0,4,0,0,0
TestCockroach584,4,2,0,0,0,2,0,0,0
TestCockroach6181,17,5,0,0,0,8,4,0,0
TestCockroach6181,21,15,0,0,0,9,5,0,0
TestCockroach6181,22,15,0,0,0,10,5,0,0
TestCockroach6181,22,15,0,0,0,12,4,0,0
TestCockroach6181,19,15,0,0,0,9,4,0,0
TestCockroach6181,18,15,0,0,0,8,4,0,0
TestCockroach6181,19,15,0,0,0,9,4,0,0
TestCockroach6181,22,15,0,0,0,10,5,0,0
TestCockroach6181,18,15,0,0,0,8,4,0,0
TestCockroach6181,18,15,0,0,0,8,4,0,0
TestCockroach6181,18,15,0,0,0,8,4,0,0
TestCockroach6181,18,15,0,0,0,8,4,0,0
TestCockroach6181,18,15,0,0,0,8,4,0,0
TestCockroach6181,18,15,0,0,0,8,4,0,0
TestCockroach6181,22,15,0,0,0,12,4,0,0
TestCockroach6181,18,15,0,0,0,8,4,0,0
TestCockroach6181,18,15,0,0,0,8,4,0,0
TestCockroach6181,18,15,0,0,0,8,4,0,0
TestCockroach6181,22,15,0,0,0,12,4,0,0
TestCockroach6181,18,15,0,0,0,8,4,0,0
TestCockroach6181,18,15,0,0,0,8,4,0,0
TestCockroach6181,25,15,0,0,0,13,5,0,0
TestCockroach6181,35,15,0,0,0,18,7,0,0
TestCockroach6181,18,15,0,0,0,8,4,0,0
TestCockroach6181,35,15,0,0,0,18,7,0,0
TestCockroach6181,22,15,0,0,0,12,4,0,0
TestCockroach6181,19,15,0,0,0,9,4,0,0
TestCockroach6181,22,15,0,0,0,12,4,0,0
TestCockroach6181,22,15,0,0,0,12,4,0,0
TestCockroach7504,17,3,0,0,0,8,4,0,0
TestCockroach7504,11,13,0,0,0,5,2,0,0
TestCockroach7504,7,4,0,0,0,1,2,0,0
TestCockroach7504,4,2,0,0,0,0,2,0,0
TestCockroach7504,0,1,0,0,0,0,0,0,0
TestCockroach7504,11,13,0,0,0,5,2,0,0
TestCockroach7504,6,4,0,0,0,0,2,0,0
TestCockroach9935,4,2,0,0,0,2,0,0,0
TestEtcd10492,6,1,0,0,0,6,0,0,0
TestEtcd5509,13,2,0,2,0,7,0,0,0
TestEtcd6708,2,1,0,0,0,2,0,0,0
TestEtcd6857,15,4,0,3,2,0,0,0,0
TestEtcd,11,3,0,3,1,2,0,0,0
TestEtcd7443,29,4,0,6,0,14,0,0,0
TestEtcd7443,30,14,0,6,0,14,0,0,0
TestEtcd7443,54,17,0,6,0,32,0,0,0
TestEtcd7443,30,14,0,6,0,14,0,0,0
TestEtcd7443,30,14,0,6,0,14,0,0,0
TestEtcd7443,18,10,0,3,0,8,0,0,0
TestEtcd7443,30,6,0,6,0,14,0,0,0
TestEtcd7443,0,1,0,0,0,0,0,0,0
TestEtcd7443,30,16,0,5,0,15,0,0,0
TestEtcd7443,21,14,0,5,0,7,0,0,0
TestEtcd7443,30,14,0,6,0,14,0,0,0
TestEtcd7443,28,14,0,5,0,14,0,0,0
TestEtcd7443,19,14,0,5,0,6,0,0,0
TestEtcd7443,18,14,0,5,0,5,0,0,0
TestEtcd7443,14,14,0,4,0,2,0,0,0
TestEtcd7443,0,0,0,0,0,0,0,0,0
TestEtcd7443,44,17,0,6,0,23,0,0,0
TestEtcd7492,24,5,0,3,2,6,4,0,0
TestEtcd7492,8,2,0,0,0,0,2,0,0
TestEtcd7492,0,0,0,0,0,0,0,0,0
TestEtcd7492,41,15,0,7,5,10,5,0,0
TestEtcd7492,0,1,0,0,0,0,0,0,0
TestEtcd7492,23,15,0,2,2,6,3,0,0
TestEtcd7492,26,15,0,3,2,6,4,0,0
TestEtcd7902,16,5,0,1,0,7,2,0,0
TestEtcd7902,17,15,0,1,0,7,2,0,0
TestEtcd7902,15,15,0,1,0,5,2,0,0
TestEtcd7902,13,15,0,0,0,4,2,0,0
TestEtcd7902,15,15,0,1,0,5,2,0,0
TestEtcd7902,15,15,0,1,0,5,2,0,0
TestEtcd7902,17,15,0,1,0,7,2,0,0
TestEtcd7902,15,15,0,1,0,5,2,0,0
TestEtcd7902,15,15,0,1,0,5,2,0,0
TestEtcd7902,15,15,0,1,0,5,2,0,0
TestEtcd7902,15,15,0,1,0,5,2,0,0
TestEtcd7902,15,15,0,1,0,5,2,0,0
TestEtcd7902,15,15,0,1,0,5,2,0,0
TestEtcd7902,12,15,0,0,0,3,2,0,0
TestEtcd7902,15,15,0,1,0,5,2,0,0
TestEtcd7902,15,15,0,1,0,5,2,0,0
TestEtcd7902,15,15,0,1,0,5,2,0,0
TestEtcd7902,15,15,0,1,0,5,2,0,0
TestEtcd7902,15,15,0,1,0,5,2,0,0
TestEtcd7902,15,15,0,1,0,5,2,0,0
TestEtcd7902,17,15,0,1,0,7,2,0,0
TestEtcd7902,15,15,0,1,0,5,2,0,0
TestEtcd7902,15,15,0,1,0,5,2,0,0
TestEtcd7902,15,15,0,1,0,5,2,0,0
TestEtcd7902,15,15,0,1,0,5,2,0,0
TestEtcd7902,13,15,0,0,0,4,2,0,0
TestEtcd7902,15,15,0,1,0,5,2,0,0
TestEtcd7902,15,15,0,1,0,5,2,0,0
TestEtcd7902,15,15,0,1,0,5,2,0,0
TestGrpc1293,6,2,0,1,1,0,0,0,0
TestGrpc1353,15,4,0,4,0,5,0,0,0
TestGrpc1353,16,14,0,4,0,5,0,0,0
TestGrpc1353,16,14,0,4,0,5,0,0,0
TestGrpc1353,16,14,0,4,0,5,0,0,0
TestGrpc1353,16,14,0,4,0,5,0,0,0
TestGrpc1353,16,14,0,4,0,5,0,0,0
TestGrpc1353,16,14,0,4,0,5,0,0,0
TestGrpc1353,16,14,0,4,0,5,0,0,0
TestGrpc1353,16,14,0,4,0,5,0,0,0
TestGrpc1353,16,14,0,4,0,5,0,0,0
TestGrpc1353,16,14,0,4,0,5,0,0,0
TestGrpc1353,16,14,0,4,0,5,0,0,0
TestGrpc1353,28,14,0,6,0,15,0,0,0
TestGrpc1353,16,14,0,4,0,5,0,0,0
TestGrpc1353,16,14,0,4,0,5,0,0,0
TestGrpc1353,16,14,0,4,0,5,0,0,0
TestGrpc1353,16,14,0,4,0,5,0,0,0
TestGrpc1353,16,14,0,4,0,5,0,0,0
TestGrpc1353,16,14,0,4,0,5,0,0,0
TestGrpc1353,16,14,0,4,0,5,0,0,0
TestGrpc1353,16,14,0,4,0,5,0,0,0
TestGrpc1353,16,14,0,4,0,5,0,0,0
TestGrpc1353,16,14,0,4,0,5,0,0,0
TestGrpc1353,16,14,0,4,0,5,0,0,0
TestGrpc1353,16,14,0,4,0,5,0,0,0
TestGrpc1353,16,14,0,4,0,5,0,0,0
TestGrpc1353,16,14,0,4,0,5,0,0,0
TestGrpc1353,16,14,0,4,0,5,0,0,0
TestGrpc1353,16,14,0,4,0,5,0,0,0
TestGrpc1424,12,4,0,3,0,0,0,0,0
TestGrpc1460,11,3,0,0,1,4,0,0,0
TestGrpc1460,12,13,0,0,1,4,0,0,0
TestGrpc1460,12,13,0,0,1,4,0,0,0
TestGrpc1460,8,13,0,1,0,2,0,0,0
TestGrpc1460,12,13,0,0,1,4,0,0,0
TestGrpc1460,8,13,0,1,0,2,0,0,0
TestGrpc1460,12,13,0,0,1,4,0,0,0
TestGrpc1460,12,13,0,0,1,4,0,0,0
TestGrpc1460,12,13,0,0,1,4,0,0,0
TestGrpc1460,9,13,0,0,1,3,0,0,0
TestGrpc1460,12,13,0,0,1,4,0,0,0
TestGrpc1460,7,13,0,0,0,2,0,0,0
TestGrpc1460,8,13,0,1,0,2,0,0,0
TestGrpc1460,12,13,0,0,1,4,0,0,0
TestGrpc1460,12,13,0,0,1,4,0,0,0
TestGrpc1460,8,13,0,1,0,2,0,0,0
TestGrpc1460,12,13,0,0,1,4,0,0,0
TestGrpc1460,8,13,0,1,0,2,0,0,0
TestGrpc1460,8,13,0,1,0,2,0,0,0
TestGrpc1460,12,13,0,0,1,4,0,0,0
TestGrpc1460,12,13,0,0,1,4,0,0,0
TestGrpc1460,11,13,0,0,1,4,0,0,0
TestGrpc1460,12,13,0,0,1,4,0,0,0
TestGrpc1460,8,13,0,1,0,2,0,0,0
TestGrpc1460,12,13,0,0,1,4,0,0,0
TestGrpc1460,12,13,0,0,1,4,0,0,0
TestGrpc1460,12,13,0,0,1,4,0,0,0
TestGrpc1460,12,13,0,0,1,4,0,0,0
TestGrpc1460,12,13,0,0,1,4,0,0,0
TestGrpc1460,12,13,0,0,1,4,0,0,0
TestGrpc3017,32,5,0,1,0,28,0,0,0
TestGrpc3017,19,14,0,1,0,13,0,0,0
TestGrpc3017,16,13,0,1,0,11,0,0,0
TestGrpc3017,5,12,0,0,0,2,0,0,0
TestGrpc3017,19,12,0,1,0,14,0,0,0
TestGrpc3017,25,14,0,1,0,20,0,0,0
TestGrpc660,11,4,0,2,1,0,0,0,0
TestGrpc795,4,2,0,0,0,3,0,0,0
TestGrpc862,11164,12,0,0,11158,0,0,0,0
TestHugo3251,191,51,0,0,0,90,51,0,0
TestHugo3251,157,61,0,0,0,54,51,0,0
TestHugo3251,157,61,0,0,0,54,51,0,0
TestHugo3251,157,61,0,0,0,54,51,0,0
TestHugo3251,157,61,0,0,0,54,51,0,0
TestHugo3251,163,61,0,0,0,60,51,0,0
TestHugo5379,21,5,0,0,1,2,3,0,10
TestIstio16224,9,2,0,2,1,2,0,0,0
TestIstio17860,21,5,0,2,3,6,0,0,0
TestIstio17860,0,1,0,0,0,0,0,0,0
TestIstio17860,0,1,0,0,0,0,0,0,0
TestIstio17860,0,0,0,0,0,0,0,0,0
TestIstio17860,16,15,0,2,1,5,0,0,0
TestIstio17860,0,1,0,0,0,0,0,0,0
TestIstio17860,0,1,0,0,0,0,0,0,0
TestIstio17860,0,1,0,0,0,0,0,0,0
TestIstio17860,14,14,0,1,1,4,0,0,0
TestIstio18454,1030,2,0,1024,1,0,0,0,0
TestKubernetes10182,15,5,0,3,0,4,0,0,0
TestKubernetes10182,16,15,0,3,0,4,0,0,0
TestKubernetes10182,16,15,0,3,0,4,0,0,0
TestKubernetes10182,16,15,0,3,0,4,0,0,0
TestKubernetes10182,16,15,0,3,0,4,0,0,0
TestKubernetes10182,16,15,0,3,0,4,0,0,0
TestKubernetes10182,16,15,0,3,0,4,0,0,0
TestKubernetes10182,16,15,0,3,0,4,0,0,0
TestKubernetes10182,16,15,0,3,0,4,0,0,0
TestKubernetes10182,16,15,0,3,0,4,0,0,0
TestKubernetes10182,16,15,0,3,0,4,0,0,0
TestKubernetes10182,16,15,0,3,0,4,0,0,0
TestKubernetes10182,16,15,0,3,0,4,0,0,0
TestKubernetes10182,15,15,0,2,0,4,0,0,0
TestKubernetes10182,16,15,0,3,0,4,0,0,0
TestKubernetes10182,23,15,0,4,0,8,0,0,0
TestKubernetes10182,16,15,0,3,0,4,0,0,0
TestKubernetes10182,23,15,0,4,0,8,0,0,0
TestKubernetes10182,16,15,0,3,0,4,0,0,0
TestKubernetes10182,21,15,0,4,0,7,0,0,0
TestKubernetes10182,19,15,0,4,0,6,0,0,0
TestKubernetes10182,16,15,0,3,0,4,0,0,0
TestKubernetes10182,16,15,0,2,0,5,0,0,0
TestKubernetes10182,21,15,0,4,0,7,0,0,0
TestKubernetes10182,23,15,0,4,0,8,0,0,0
TestKubernetes10182,16,15,0,3,0,4,0,0,0
TestKubernetes10182,16,15,0,3,0,4,0,0,0
TestKubernetes10182,16,15,0,3,0,4,0,0,0
TestKubernetes10182,23,15,0,4,0,8,0,0,0
TestKubernetes11298,16,4,0,4,2,0,0,0,0
TestKubernetes13135,62,4,0,0,8,36,3,0,7
TestKubernetes13135,4,2,0,0,0,2,1,0,0
TestKubernetes13135,4,8,0,0,0,0,1,0,0
TestKubernetes13135,5,3,0,0,0,2,1,0,0
TestKubernetes13135,0,0,0,0,0,0,0,0,0
TestKubernetes13135,0,0,0,0,0,0,0,0,0
TestKubernetes13135,0,1,0,0,0,0,0,0,0
TestKubernetes13135,49,14,0,0,6,28,3,0,5
TestKubernetes1321,411,3,0,1,0,404,0,0,0
TestKubernetes1321,44,13,0,1,0,37,0,0,0
TestKubernetes1321,11,9,0,1,0,5,0,0,0
TestKubernetes1321,52,13,0,1,0,45,0,0,0
TestKubernetes1321,11,13,0,1,0,5,0,0,0
TestKubernetes1321,9,13,0,0,0,4,0,0,0
TestKubernetes1321,2,3,0,0,0,0,0,0,0
TestKubernetes1321,10,13,0,1,0,4,0,0,0
TestKubernetes1321,41,13,0,1,0,34,0,0,0
TestKubernetes1321,10,13,0,1,0,4,0,0,0
TestKubernetes1321,11,13,0,1,0,5,0,0,0
TestKubernetes1321,10,13,0,0,0,5,0,0,0
TestKubernetes1321,12,13,0,0,0,7,0,0,0
TestKubernetes1321,40,13,0,1,0,33,0,0,0
TestKubernetes1321,172,9,0,1,0,165,0,0,0
TestKubernetes1321,15,13,0,0,0,10,0,0,0
TestKubernetes1321,11,13,0,1,0,5,0,0,0
TestKubernetes1321,12,13,0,1,0,5,0,0,0
TestKubernetes1321,27,13,0,1,0,20,0,0,0
TestKubernetes1321,9,9,0,1,0,3,0,0,0
TestKubernetes1321,10,9,0,0,0,5,0,0,0
TestKubernetes1321,10,13,0,1,0,4,0,0,0
TestKubernetes1321,11,13,0,1,0,5,0,0,0
TestKubernetes1321,22,13,0,1,0,15,0,0,0
TestKubernetes1321,19,13,0,1,0,12,0,0,0
TestKubernetes1321,10,6,0,1,0,4,0,0,0
TestKubernetes1321,27,13,0,1,0,21,0,0,0
TestKubernetes1321,11,13,0,1,0,5,0,0,0
TestKubernetes1321,10,13,0,1,0,4,0,0,0
TestKubernetes25331,9,3,0,2,1,0,0,0,0
TestKubernetes26980,18,3,0,4,0,6,0,1,0
TestKubernetes26980,0,0,0,0,0,0,0,0,0
TestKubernetes26980,0,0,0,0,0,0,0,0,0
TestKubernetes26980,0,0,0,0,0,0,0,0,0
TestKubernetes26980,0,0,0,0,0,0,0,0,0
TestKubernetes26980,0,0,0,0,0,0,0,0,0
TestKubernetes26980,0,0,0,0,0,0,0,0,0
TestKubernetes30872_bad_test,41,4,0,3,5,24,0,0,0
TestKubernetes30872_bad_test,27,14,0,3,2,12,0,0,0
TestKubernetes30872_bad_test,0,0,0,0,0,0,0,0,0
TestKubernetes30872_bad_test,0,0,0,0,0,0,0,0,0
TestKubernetes30872_bad_test,17,14,0,3,1,5,0,0,0
TestKubernetes30872_bad_test,27,14,0,3,2,12,0,0,0
TestKubernetes30872_bad_test,27,14,0,3,2,12,0,0,0
TestKubernetes30872_bad_test,0,0,0,0,0,0,0,0,0
TestKubernetes30872_bad_test,0,1,0,0,0,0,0,0,0
TestKubernetes30872_bad_test,27,14,0,3,2,12,0,0,0
TestKubernetes30872_bad_test,27,14,0,3,2,12,0,0,0
TestKubernetes30872_bad_test,27,14,0,3,2,12,0,0,0
TestKubernetes30872_bad_test,32,14,0,3,3,16,0,0,0
TestKubernetes38669,8,2,0,2,0,2,0,0,0
TestKubernetes5316,8,3,0,1,1,0,0,0,0
TestKubernetes58107,400019,13,0,0,0,200008,0,200002,0
TestKubernetes62464,13,3,0,0,0,8,0,0,0
TestKubernetes62464,16,13,0,0,0,10,0,0,0
TestKubernetes62464,7,13,0,0,0,3,0,0,0
TestKubernetes62464,13,13,0,0,0,8,0,0,0
TestKubernetes62464,16,13,0,0,0,10,0,0,0
TestKubernetes62464,9,13,0,0,0,5,0,0,0
TestKubernetes62464,11,13,0,0,0,6,0,0,0
TestKubernetes62464,8,13,0,0,0,4,0,0,0
TestKubernetes62464,12,13,0,0,0,7,0,0,0
TestKubernetes62464,7,13,0,0,0,3,0,0,0
TestKubernetes62464,6,13,0,0,0,3,0,0,0
TestKubernetes62464,9,13,0,0,0,5,0,0,0
TestKubernetes62464,16,13,0,0,0,10,0,0,0
TestKubernetes62464,11,13,0,0,0,6,0,0,0
TestKubernetes62464,9,13,0,0,0,5,0,0,0
TestKubernetes62464,9,9,0,0,0,5,0,0,0
TestKubernetes62464,16,13,0,0,0,10,0,0,0
TestKubernetes62464,8,13,0,0,0,4,0,0,0
TestKubernetes62464,13,13,0,0,0,8,0,0,0
TestKubernetes62464,11,9,0,0,0,7,0,0,0
TestKubernetes62464,16,13,0,0,0,10,0,0,0
TestKubernetes62464,13,8,0,0,0,9,0,0,0
TestKubernetes62464,9,13,0,0,0,5,0,0,0
TestKubernetes62464,11,13,0,0,0,6,0,0,0
TestKubernetes62464,9,13,0,0,0,5,0,0,0
TestKubernetes62464,9,13,0,0,0,5,0,0,0
TestKubernetes62464,16,9,0,0,0,10,0,0,0
TestKubernetes62464,9,13,0,0,0,5,0,0,0
TestKubernetes62464,8,13,0,0,0,4,0,0,0
TestKubernetes6632,12,4,0,3,0,2,0,0,0
TestKubernetes70277,37755,10,0,3,37747,0,0,0,0
TestMoby17176,6,2,0,0,1,2,0,0,0
TestMoby21233,70,6,0,15,3,30,0,0,0
TestMoby21233,53,16,0,8,1,24,0,0,0
TestMoby21233,57,16,0,9,2,26,0,0,0
TestMoby21233,49,17,0,5,3,22,0,0,0
TestMoby21233,39,16,0,1,2,18,0,0,0
TestMoby21233,28,7,0,3,1,10,0,0,0
TestMoby21233,25,15,0,1,0,10,0,0,0
TestMoby21233,16,14,0,1,0,5,0,0,0
TestMoby21233,42,9,0,4,1,19,0,0,0
TestMoby21233,49,16,0,5,3,22,0,0,0
TestMoby21233,49,16,0,7,3,21,0,0,0
TestMoby21233,40,16,0,3,0,19,0,0,0
TestMoby21233,8,13,0,1,0,1,0,0,0
TestMoby21233,47,18,0,5,2,20,0,0,0
TestMoby21233,57,16,0,8,3,26,0,0,0
TestMoby21233,37,16,0,3,0,16,0,0,0
TestMoby21233,50,16,0,6,3,22,0,0,0
TestMoby21233,47,16,0,5,2,21,0,0,0
TestMoby21233,45,16,0,4,2,20,0,0,0
TestMoby21233,19,14,0,2,1,6,0,0,0
TestMoby21233,48,16,0,7,1,22,0,0,0
TestMoby21233,28,15,0,2,1,10,0,0,0
TestMoby21233,44,16,0,3,3,20,0,0,0
TestMoby21233,56,16,0,10,2,24,0,0,0
TestMoby21233,33,11,0,3,1,14,0,0,0
TestMoby21233,49,16,0,6,2,22,0,0,0
TestMoby21233,59,16,0,10,3,26,0,0,0
TestMoby21233,49,16,0,6,2,22,0,0,0
TestMoby21233,69,16,0,15,3,30,0,0,0
TestMoby25384,7,3,0,0,0,0,3,0,0
TestMoby27782,18,4,0,2,6,0,0,0,0
TestMoby28462,10,3,0,1,1,2,0,0,0
TestMoby29733,5,2,0,1,0,1,0,1,0
TestMoby30408,5,2,0,1,0,1,0,1,0
TestMoby33293,4,2,0,0,0,0,0,0,0
TestMoby33781,8,3,0,1,1,0,0,0,0
TestMoby36114,4,2,0,0,0,2,0,0,0
TestMoby4395,4,2,0,1,0,0,0,0,0
TestMoby4951,17,3,0,0,0,12,0,0,0
TestMoby4951,14,13,0,0,0,9,0,0,0
TestMoby4951,13,13,0,0,0,8,0,0,0
TestMoby4951,18,13,0,0,0,12,0,0,0
TestMoby4951,10,13,0,0,0,6,0,0,0
TestMoby4951,18,13,0,0,0,12,0,0,0
TestMoby4951,18,13,0,0,0,12,0,0,0
TestMoby4951,8,13,0,0,0,4,0,0,0
TestMoby4951,10,13,0,0,0,6,0,0,0
TestMoby4951,13,13,0,0,0,8,0,0,0
TestMoby4951,14,13,0,0,0,9,0,0,0
TestMoby4951,18,13,0,0,0,12,0,0,0
TestMoby4951,18,13,0,0,0,12,0,0,0
TestMoby4951,18,13,0,0,0,12,0,0,0
TestMoby4951,18,13,0,0,0,12,0,0,0
TestMoby4951,18,13,0,0,0,12,0,0,0
TestMoby4951,18,13,0,0,0,12,0,0,0
TestMoby4951,10,13,0,0,0,6,0,0,0
TestMoby4951,13,13,0,0,0,8,0,0,0
TestMoby4951,14,13,0,0,0,9,0,0,0
TestMoby4951,14,13,0,0,0,9,0,0,0
TestMoby4951,18,13,0,0,0,12,0,0,0
TestMoby4951,18,13,0,0,0,12,0,0,0
TestMoby4951,17,13,0,0,0,12,0,0,0
TestMoby4951,14,13,0,0,0,9,0,0,0
TestMoby4951,18,13,0,0,0,12,0,0,0
TestMoby4951,18,13,0,0,0,12,0,0,0
TestMoby4951,14,13,0,0,0,9,0,0,0
TestMoby4951,18,13,0,0,0,12,0,0,0
TestMoby7559,4,2,0,0,0,2,0,0,0
TestServing2137,37,3,0,12,2,8,6,0,0
TestServing2137,0,1,0,0,0,0,0,0,0
TestServing2137,0,0,0,0,0,0,0,0,0
TestServing2137,23,13,0,3,2,4,6,0,0
TestServing2137,0,0,0,0,0,0,0,0,0
TestServing2137,0,1,0,0,0,0,0,0,0
TestServing2137,0,0,0,0,0,0,0,0,0
TestSyncthing4829,5,1,0,0,0,5,0,0,0
TestSyncthing5795,27,3,0,4,16,0,0,0,1
TestCockroach35501,26,12,0,0,0,0,3,0,0
TestCockroach4407,26,5,0,1,0,10,5,0,0
TestCockroach4407,25,15,0,1,0,10,4,0,0
TestCockroach4407,18,14,0,1,0,6,3,0,0
TestCockroach4407,0,0,0,0,0,0,0,0,0
TestCockroach4407,0,0,0,0,0,0,0,0,0
TestCockroach4407,27,15,0,1,0,10,5,0,0
TestCockroach4407,0,0,0,0,0,0,0,0,0
TestCockroach4407,0,0,0,0,0,0,0,0,0
TestCockroach4407,0,0,0,0,0,0,0,0,0
TestCockroach4407,0,0,0,0,0,0,0,0,0
TestEtcd3077,17,3,0,7,1,0,0,0,0
TestEtcd4876,15,5,0,0,0,0,5,0,0
TestEtcd9446,12,4,0,0,0,0,5,0,0
TestGrpc1748,90,13,0,0,0,62,3,0,0
TestGrpc1748,5,4,0,0,0,0,2,0,0
TestGrpc1748,37,16,0,0,0,23,3,0,0
TestGrpc1748,3,2,0,0,0,0,2,0,0
TestGrpc1748,1,1,0,0,0,0,1,0,0
TestGrpc1748,0,1,0,0,0,0,0,0,0
TestGrpc1748,0,1,0,0,0,0,0,0,0
TestGrpc1748,0,1,0,0,0,0,0,0,0
TestGrpc3090,12,3,0,0,0,4,3,0,0
TestGrpc3090,11,13,0,0,0,4,2,0,0
TestGrpc3090,8,13,0,0,0,2,2,0,0
TestGrpc3090,10,13,0,0,0,4,2,0,0
TestGrpc3090,0,0,0,0,0,0,0,0,0
TestGrpc3090,11,13,0,0,0,4,2,0,0
TestGrpc3090,11,13,0,0,0,4,2,0,0
TestIstio16742,16,4,0,0,0,4,5,0,0
TestIstio16742,0,0,0,0,0,0,0,0,0
TestIstio16742,0,0,0,0,0,0,0,0,0
TestIstio16742,0,0,0,0,0,0,0,0,0
TestIstio16742,0,0,0,0,0,0,0,0,0
TestIstio16742,0,1,0,0,0,0,0,0,0
TestIstio16742,0,1,0,0,0,0,0,0,0
TestIstio8144,8,3,0,0,0,0,3,0,0
TestIstio8214,14,4,2,0,0,0,5,0,0
TestIstio8967,10,3,0,2,0,0,3,0,0
TestKubernetes13058,25,5,0,1,4,0,10,0,0
TestKubernetes49404,7,3,0,0,0,0,2,0,0
TestKubernetes70892,17,3,0,7,0,0,4,0,0
TestKubernetes70892,18,13,0,7,0,0,4,0,0
TestKubernetes70892,0,1,0,0,0,0,0,0,0
TestKubernetes70892,18,13,0,7,0,0,4,0,0
TestKubernetes70892,0,0,0,0,0,0,0,0,0
TestKubernetes70892,18,13,0,7,0,0,4,0,0
TestKubernetes70892,0,0,0,0,0,0,0,0,0
TestKubernetes70892,0,1,0,0,0,0,0,0,0
TestKubernetes70892,0,1,0,0,0,0,0,0,0
TestKubernetes70892,1,1,0,0,0,0,0,0,0
TestKubernetes77796,17,5,0,0,0,8,0,0,0
TestKubernetes77796,17,15,0,0,0,8,0,0,0
TestKubernetes77796,18,15,0,0,0,8,0,0,0
TestKubernetes77796,18,15,0,0,0,8,0,0,0
TestKubernetes77796,18,15,0,0,0,8,0,0,0
TestKubernetes77796,18,15,0,0,0,8,0,0,0
TestKubernetes77796,18,15,0,0,0,8,0,0,0
TestKubernetes77796,18,15,0,0,0,8,0,0,0
TestKubernetes77796,18,15,0,0,0,8,0,0,0
TestKubernetes77796,15,15,0,0,0,7,0,0,0
TestKubernetes77796,18,15,0,0,0,8,0,0,0
TestKubernetes77796,18,15,0,0,0,8,0,0,0
TestKubernetes77796,18,15,0,0,0,8,0,0,0
TestKubernetes77796,18,15,0,0,0,8,0,0,0
TestKubernetes77796,17,15,0,0,0,8,0,0,0
TestKubernetes77796,18,15,0,0,0,8,0,0,0
TestKubernetes77796,18,15,0,0,0,8,0,0,0
TestKubernetes77796,18,15,0,0,0,8,0,0,0
TestKubernetes77796,18,15,0,0,0,8,0,0,0
TestKubernetes77796,18,15,0,0,0,8,0,0,0
TestKubernetes77796,16,15,0,0,0,7,0,0,0
TestKubernetes77796,18,15,0,0,0,8,0,0,0
TestKubernetes77796,18,15,0,0,0,8,0,0,0
TestKubernetes77796,18,15,0,0,0,8,0,0,0
TestKubernetes77796,18,15,0,0,0,8,0,0,0
TestKubernetes77796,18,15,0,0,0,8,0,0,0
TestKubernetes77796,18,15,0,0,0,8,0,0,0
TestKubernetes77796,18,15,0,0,0,8,0,0,0
TestKubernetes77796,18,15,0,0,0,8,0,0,0
TestKubernetes79631,12,3,0,1,1,2,3,0,0
TestKubernetes80284,9,3,0,0,0,0,4,0,0
TestKubernetes81091,22,4,0,7,0,0,7,0,0
TestKubernetes81091,23,14,0,7,0,0,7,0,0
TestKubernetes81091,0,0,0,0,0,0,0,0,0
TestKubernetes81091,5,4,0,0,0,0,2,0,0
TestKubernetes81091,3,2,0,0,0,0,2,0,0
TestKubernetes81091,0,1,0,0,0,0,0,0,0
TestKubernetes81091,5,4,0,0,0,0,2,0,0
TestKubernetes81148,13,3,0,1,1,2,3,0,0
TestKubernetes82239,836,3,0,1,829,0,0,0,0
TestKubernetes82550,21,11,0,0,0,0,0,0,0
TestKubernetes88331,12,3,0,1,1,2,3,0,0
TestKubernetes89164,26,5,0,0,0,8,9,0,0
TestKubernetes89164,0,1,0,0,0,0,0,0,0
TestKubernetes89164,0,1,0,0,0,0,0,0,0
TestKubernetes89164,10,2,0,0,0,0,6,0,0
TestKubernetes89164,0,0,0,0,0,0,0,0,0
TestKubernetes89164,0,0,0,0,0,0,0,0,0
TestKubernetes89164,0,0,0,0,0,0,0,0,0
TestMoby18412,7,3,0,1,1,0,0,0,0
TestMoby22941,9,3,0,0,0,4,0,0,0
TestMoby22941,10,13,0,0,0,4,0,0,0
TestMoby22941,10,13,0,0,0,4,0,0,0
TestMoby22941,10,13,0,0,0,4,0,0,0
TestMoby22941,10,13,0,0,0,4,0,0,0
TestMoby22941,10,13,0,0,0,4,0,0,0
TestMoby22941,10,13,0,0,0,4,0,0,0
TestMoby22941,10,13,0,0,0,4,0,0,0
TestMoby22941,10,13,0,0,0,4,0,0,0
TestMoby22941,10,13,0,0,0,4,0,0,0
TestMoby22941,10,13,0,0,0,4,0,0,0
TestMoby22941,10,13,0,0,0,4,0,0,0
TestMoby22941,10,13,0,0,0,4,0,0,0
TestMoby22941,7,13,0,0,0,2,0,0,0
TestMoby22941,10,13,0,0,0,4,0,0,0
TestMoby22941,10,13,0,0,0,4,0,0,0
TestMoby22941,10,13,0,0,0,4,0,0,0
TestMoby22941,10,13,0,0,0,4,0,0,0
TestMoby22941,10,13,0,0,0,4,0,0,0
TestMoby22941,10,13,0,0,0,4,0,0,0
TestMoby22941,10,13,0,0,0,4,0,0,0
TestMoby22941,10,13,0,0,0,4,0,0,0
TestMoby22941,10,13,0,0,0,4,0,0,0
TestMoby22941,10,13,0,0,0,4,0,0,0
TestMoby22941,10,13,0,0,0,4,0,0,0
TestMoby22941,10,13,0,0,0,4,0,0,0
TestMoby22941,10,13,0,0,0,4,0,0,0
TestMoby22941,10,13,0,0,0,4,0,0,0
TestMoby22941,10,13,0,0,0,4,0,0,0
TestMoby27037,22,6,0,0,0,0,11,0,0
TestServing3068,15,4,0,3,0,0,4,0,1
TestServing3068,0,0,0,0,0,0,0,0,0
TestServing3068,16,14,0,3,0,0,4,0,1
TestServing3068,0,0,0,0,0,0,0,0,0
TestServing3068,0,0,0,0,0,0,0,0,0
TestServing3068,16,14,0,3,0,0,4,0,1
TestServing3068,16,14,0,3,0,0,4,0,1
TestServing3068,16,14,0,3,0,0,4,0,1
TestServing3068,16,14,0,3,0,0,4,0,1
TestServing3068,16,14,0,3,0,0,4,0,1
TestServing3068,16,14,0,3,0,0,4,0,1
TestServing3068,16,14,0,3,0,0,4,0,1
TestServing3068,16,14,0,3,0,0,4,0,1
TestServing3068,16,14,0,3,0,0,4,0,1
TestServing3068,16,14,0,3,0,0,4,0,1
TestServing3068,16,14,0,3,0,0,4,0,1
TestServing3068,16,14,0,3,0,0,4,0,1
TestServing3068,16,14,0,3,0,0,4,0,1
TestServing3068,16,14,0,3,0,0,4,0,1
TestServing3068,16,14,0,3,0,0,4,0,1
TestServing3148,16,4,0,0,0,0,9,0,0
TestServing4908,14,5,0,0,0,0,6,0,0
TestServing5865,8,2,0,2,0,2,0,0,0
TestServing6171,11,5,0,0,0,0,3,0,0
TestServing6472,27,4,2,3,0,8,5,0,0
TestServing6472,23,14,2,0,0,8,5,0,0
TestServing6472,0,1,0,0,0,0,0,0,0
TestServing6472,14,14,0,0,0,4,3,0,0
TestServing6472,0,0,0,0,0,0,0,0,0
TestServing6472,0,0,0,0,0,0,0,0,0
TestServing6472,0,0,0,0,0,0,0,0,0
